{
  "product": {
    "0": 0.061919303489052044,
    "1": 0.055073624271542325,
    "2": 0.06914942416254335,
    "3": 0.07181472822910578,
    "4": 0.06871154204736155,
    "5": 0.04909376337947766,
    "6": 0.046207775653282344,
    "7": 0.06985233723328527,
    "8": 0.06402348103153302,
    "9": 0.092699525675397
  },
  "campaign_id": {
    "0": 0.06834490516271673,
    "1": 0.05336185302974867,
    "2": 0.05861957375988165,
    "3": 0.04521276595744681,
    "4": 0.07262435264362278,
    "5": 0.07753417054048428,
    "6": 0.09130693007408333,
    "7": 0.05833390188988197,
    "8": 0.06377248734245394,
    "9": 0.0768287466134322
  },
  "webpage_id": {
    "0": 0.06834490516271673,
    "1": 0.05427291415432103,
    "2": 0.06377248734245394,
    "3": 0.05336185302974867,
    "4": 0.05833390188988197,
    "5": 0.07262435264362278,
    "6": 0.07753417054048428,
    "7": 0.09130693007408333,
    "8": 0.0768287466134322
  },
  "global_mean": 0.06762704218299082
}